Place id,Parent id,Place name,Related objects,Title
1549,43,Til-gubbi,8688,Til-gubbi
1532,1470,Ālu-ša-Amurru,7525,Ālu-ša-Amurru
1515,1470,Dūr-karaši-Bandada ,7768,Dūr-karaši-Bandada 
1499,37,Harri-ša-Zabūnu,7846,Harri-ša-Zabūnu
1481,43,Bāṣ,6620,Bāṣ
1463,70,Bīt-Na'innašu,2331,Bīt-Na'innašu
1443,55,Bīt-Haremarē pīhat Dannu-Nergal,6259,Bīt-Haremarē pīhat Dannu-Nergal
1426,55,Gannāti,5811,Gannāti
1409,37,Bīt-Uqata,5485,Bīt-Uqata
1356,70,Adabilu,2307,Adabilu
1306,61,Til-atūnē,,Til-atūnē
1258,61,Šilihtu,,Šilihtu
1210,61,Rūqu,,Rūqu
1159,61,Nāru-eššu,,Nāru-eššu
1111,61,Kār-Eanna,,Kār-Eanna
1063,61,Huṣṣēti-ša-bīt-ilāni,,Huṣṣēti-ša-bīt-ilāni
1015,61,Harr[],,Harr[]
967,61,Dūru-ša-Ammi-jabab,,Dūru-ša-Ammi-jabab
919,61,Bīt-Šama'-il,,Bīt-Šama'-il
871,61,Bīt-hanšē,,Bīt-hanšē
823,61,Baṭnānu,,Baṭnānu
775,61,Aššurītu,,Aššurītu
727,61,Ālu-ša-Jaqi'-il,,Ālu-ša-Jaqi'-il
679,40,Til-Rahīmu,,Til-Rahīmu
631,40,Sūqija,,Sūqija
583,40,Nāqidīni,,Nāqidīni
535,40,Huṣ-Šagībi,,Huṣ-Šagībi
487,40,Huṣṣēti-ša-Ad-rahū,,Huṣṣēti-ša-Ad-rahū
439,40,Ganata,,Ganata
391,40,Bīt-Zabīni,,Bīt-Zabīni
343,40,Bīt-Rihētu,,Bīt-Rihētu
295,40,Bīt-Hattanīšu,,Bīt-Hattanīšu
247,40,Bīt-Ea,,Bīt-Ea
199,40,Bīt-ahi,,Bīt-ahi
151,40,Appāru-ša-Bīt-Enlil,,Appāru-ša-Bīt-Enlil
103,40,Ālu-ša-Arbāja,,Ālu-ša-Arbāja
55,4,North_west Babylonia,,North_west Babylonia
1548,40,Kapri-Lirīm,1855,Kapri-Lirīm
1531,37,Bīt-Bēl-rēmanni,7481,Bīt-Bēl-rēmanni
1514,1470,Kabbartu,7892,Kabbartu
1498,76,Upija,7654,Upija
1479,43,Til-qāqulli,6690,Til-qāqulli
1462,70,Kašši [],2520,Kašši []
1442,55,Alu-ša-Nabû-iqīša,6250,Alu-ša-Nabû-iqīša
1425,55,Bīt-Hulummu,5781,Bīt-Hulummu
1408,61,Uruk city,5705,Uruk city
1353,70,Ālu-ša-Ṭūb-Yaw,2305,Ālu-ša-Ṭūb-Yaw
1303,61,Til-agurrēti,,Til-agurrēti
1255,61,Šīhu-ša-Marduk-apla-uṣur,,Šīhu-ša-Marduk-apla-uṣur
1207,61,Rūdaja-ša-Bīt-Nabû,,Rūdaja-ša-Bīt-Nabû
1156,61,Namzû,,Namzû
1108,61,Kapri-šapiri,,Kapri-šapiri
1060,61,Huṣṣēti-ša-Bazūzu,8073,Huṣṣēti-ša-Bazūzu
1012,61,Harru-ša-Iddinā,,Harru-ša-Iddinā
964,61,Dūr-Ugumu,,Dūr-Ugumu
916,61,Bīt-Šalti-'il,,Bīt-Šalti-'il
868,61,Bīt-Iqīšā,,Bīt-Iqīšā
820,61,Balnamhe [Duplicate],,Balnamhe [Duplicate]
772,61,Ašat[...],,Ašat[...]
724,61,Ālu-ša-Izkur-dān,,Ālu-ša-Izkur-dān
676,40,Til-hurdi,,Til-hurdi
628,40,Sipira‛ni,,Sipira‛ni
580,40,Maškattu-ša-Amurru,,Maškattu-ša-Amurru
532,40,Huṣṣūti-ša-Bau-ēreš,,Huṣṣūti-ša-Bau-ēreš
484,40,Huṣṣēti-ša-Addija,,Huṣṣēti-ša-Addija
436,40,Gambūlāja,,Gambūlāja
388,40,Bīt-ša-pāni-ekalli,,Bīt-ša-pāni-ekalli
340,40,Bīt-rab-ṭābihē,,Bīt-rab-ṭābihē
292,40,Bīt-Haššamur,,Bīt-Haššamur
244,40,Bīt-Dajjānatu,,Bīt-Dajjānatu
196,40,Bīt-Abdija,,Bīt-Abdija
148,40,Ālu-ša-Šullum,,Ālu-ša-Šullum
100,40,Ālu-ša-Addidāja,,Ālu-ša-Addidāja
52,4,Borsippa,2880,Borsippa
1547,40,Bīt Mīnû-ana-Bēl-dānu,8554,Bīt Mīnû-ana-Bēl-dānu
1530,1470,Bištu-ša-ṣinnatu,7508,Bištu-ša-ṣinnatu
1513,1470,Ālu-ša-BI.LU ,7873,Ālu-ša-BI.LU 
1497,52,Ālu-ša-Nūrānu,,Ālu-ša-Nūrānu
1477,43,Bīt-Bēlšunu,6577,Bīt-Bēlšunu
1461,70,Bāb-ṣubbāti,2514,Bāb-ṣubbāti
1441,43,Alu-ša-Nabû,6251,Alu-ša-Nabû
1424,82,Ruˀa,5710,Ruˀa
1402,37,Pāni-abul-Enlil,4454,Pāni-abul-Enlil
1351,70,Yāhūdu,2284,Yāhūdu
1300,61,Ta'ūti,,Ta'ūti
1252,61,Šīhu-ša-Bīt-Sîn-iškun,,Šīhu-ša-Bīt-Sîn-iškun
1204,61,Rūdaja,,Rūdaja
1153,61,Nagarāja,,Nagarāja
1105,61,Kapri-ša-nāqidāti,,Kapri-ša-nāqidāti
1057,61,Huṣṣēti-ša-Amassu,,Huṣṣēti-ša-Amassu
1009,61,Harrūbati,,Harrūbati
961,61,Dūru,,Dūru
913,61,Bīt-Šaddajnu,,Bīt-Šaddajnu
865,61,Bīt-Guppu,,Bīt-Guppu
817,61,Balnamhe,,Balnamhe
769,61,Apramātu,,Apramātu
721,61,Ālu-ša-ikkarē,,Ālu-ša-ikkarē
673,40,Til-Gabbāri,1522,Til-Gabbāri
625,40,Sîn-bēlšunu,1429,Sîn-bēlšunu
577,40,Mār-Dērāja,,Mār-Dērāja
529,40,Huṣṣēti-ša-Zarūtu,,Huṣṣēti-ša-Zarūtu
481,40,Hūpu-ša-Barīki-il,,Hūpu-ša-Barīki-il
433,40,Galūtu,,Galūtu
385,40,Bīt-ša-muhhi-bītāni,,Bīt-ša-muhhi-bītāni
337,40,Bīt-Parisāja,,Bīt-Parisāja
289,40,Bīt-Hašb-ilimma-harbat,,Bīt-Hašb-ilimma-harbat
241,40,Bīt-Daddija,,Bīt-Daddija
193,40,Bištu-ša-rab-urāti,,Bištu-ša-rab-urāti
145,40,Ālu-ša-rē‛ê,,Ālu-ša-rē‛ê
97,40,Ahšānu,,Ahšānu
49,4,Kiš,,Kiš
1546,37,Nabātu,8376,Nabātu
1529,37,Sahrītu,7650,Sahrītu
1512,1470,Ibri,8178,Ibri
1496,37,Ālu-ša-Nabû-zēra-iqīša,7797,Ālu-ša-Nabû-zēra-iqīša
1476,43,Du(r)bissu,6611,Du(r)bissu
1459,70,Bīt-Ṭāb-Bēl,7997,Bīt-Ṭāb-Bēl
1440,85,Sumundanaš,5691,Sumundanaš
1423,67,Ninā,5686,Ninā
1399,37,Bīt-ṭāb-Bēl,4449,Bīt-ṭāb-Bēl
1348,40,Šaṭir,1885,Šaṭir
1297,61,Tamūdē,,Tamūdē
1249,61,Šīhu-Jau[],,Šīhu-Jau[]
1198,61,Rāṭu,,Rāṭu
1150,61,Nabāta,,Nabāta
1102,61,Kapri-Sūqāja,,Kapri-Sūqāja
1054,61,Huṣṣēti-ša-Ahhūti,,Huṣṣēti-ša-Ahhūti
1006,61,Harrāti-ša-ahi,,Harrāti-ša-ahi
958,61,Dūr-Kebīnu,,Dūr-Kebīnu
910,61,Bīt-ṣapṣap,,Bīt-ṣapṣap
862,61,Bīt-Guppā,,Bīt-Guppā
814,61,Bāb-nalmē,,Bāb-nalmē
766,61,Angillu,,Angillu
718,61,Ālu-ša-Bēl-ušēzib,,Ālu-ša-Bēl-ušēzib
670,40,Til-Ajjābi,,Til-Ajjābi
622,40,Ridimhu,,Ridimhu
574,40,Mamšam,,Mamšam
526,40,Huṣṣēti-ša-[rē‛]ê(?),,Huṣṣēti-ša-[rē‛]ê(?)
478,40,Hindāja,,Hindāja
430,40,Gālija,,Gālija
382,40,Bīt-Ussartu,,Bīt-Ussartu
334,40,[Bīt(?)]-Nazija,,[Bīt(?)]-Nazija
286,40,Bīt-Hanīqīni,,Bīt-Hanīqīni
238,40,Bīt-bēri,,Bīt-bēri
190,40,Bēl,,Bēl
142,40,Ālu-ša-Qurabatūa,,Ālu-ša-Qurabatūa
94,40,Agrīt,,Agrīt
46,4,Kutha,,Kutha
1545,37,Kār-Nabû,8366,Kār-Nabû
1528,37,Huṣṣūti-ša-Baba-ēreš,7282,Huṣṣūti-ša-Baba-ēreš
1511,37,Ālu-ša-Kināya,8155,Ālu-ša-Kināya
1495,52,Gummānu,7844,Gummānu
1475,43,Barru,6569,Barru
1458,70,Bīt-Abī-râm,2646,Bīt-Abī-râm
1439,55,Udani,6019,Udani
1422,55,Bīt-iltammeš,5673,Bīt-iltammeš
1396,85,Nār-šarri-ša-Elam,4436,Nār-šarri-ša-Elam
1342,40,Aua,16,Aua
1294,61,Tamertu-ša-Ṣēr-Antu,,Tamertu-ša-Ṣēr-Antu
1246,61,Šīhu,,Šīhu
1195,61,Raqqat,,Raqqat
1147,61,Milhānu,,Milhānu
1099,61,Kahillīni,,Kahillīni
1051,61,Hurbat-Šadē,,Hurbat-Šadē
1003,61,Harrāti,,Harrāti
955,61,Dūr-gi[],,Dūr-gi[]
907,61,Bīt-rē'ê,,Bīt-rē'ê
859,61,Bīt-Ē-ṭābi,,Bīt-Ē-ṭābi
811,61,Bāb-Nagīti,,Bāb-Nagīti
763,61,Amatu,,Amatu
715,61,Ālu-ša-Bēlti-ša-Uruk,,Ālu-ša-Bēlti-ša-Uruk
667,40,Tarbaṣ-ummâni,,Tarbaṣ-ummâni
619,40,Rabija,,Rabija
571,40,Malšam,,Malšam
523,40,Huṣṣēti-ša-Qa‛mānu,,Huṣṣēti-ša-Qa‛mānu
475,40,Hiduja,,Hiduja
427,40,Gadimatu,,Gadimatu
379,40,Bīt-Ukkamā,,Bīt-Ukkamā
331,40,Bīt-Naṭīri,,Bīt-Naṭīri
283,40,Bīt-Hananā-harbatu,,Bīt-Hananā-harbatu
235,40,Bīt-Bēltu,8157,Bīt-Bēltu
187,40,Baṣṣānu,,Baṣṣānu
139,40,Ālu-ša-Nippur,,Ālu-ša-Nippur
91,40,Abastānu,,Abastānu
43,4,Sippar,2841,Sippar
1544,37,Kār-Tašmētu,8343,Kār-Tašmētu
1527,52,Hurat-Sūḫāja,6872,Hurat-Sūḫāja
1510,37,Bēl-iqbi,7993,Bēl-iqbi
1494,37,Ālu-ša-Zumbā ,7802,Ālu-ša-Zumbā 
1474,43,Ālu-ša-Marduk-ēṭir,6560,Ālu-ša-Marduk-ēṭir
1457,70,Āl-šarri,2451,Āl-šarri
1438,70,Kissik,5885,Kissik
1421,43,Al-ṣibtu-ša-šākin-māti,5615,Al-ṣibtu-ša-šākin-māti
1393,37,Ālu-ša-libbi-ālaya,4433,Ālu-ša-libbi-ālaya
1339,61,Zamē,,Zamē
1291,61,Tamertu-ša-sīsē,,Tamertu-ša-sīsē
1243,61,Šihmūti,,Šihmūti
1192,61,Raqqānu,,Raqqānu
1144,61,Ma[]tu,,Ma[]tu
1096,61,Kabaltu,,Kabaltu
1048,61,Hurbat-Kalbi,,Hurbat-Kalbi
1000,61,Hanna-rabi,,Hanna-rabi
952,61,Dūr-gizzēti,,Dūr-gizzēti
904,61,Bīt-Rahē,7786,Bīt-Rahē
856,61,Bīt-Bēltu,,Bīt-Bēltu
808,61,Bāb-mahīri,,Bāb-mahīri
760,61,Amanu,,Amanu
712,61,Ālu-ša-Atkal-Bēl,,Ālu-ša-Atkal-Bēl
664,40,Tamertu-ša-Makmanu,,Tamertu-ša-Makmanu
616,40,Qidudu,,Qidudu
568,40,Malahhānu,,Malahhānu
520,40,Huṣṣēti-ša-Ninurta-ile‛i,,Huṣṣēti-ša-Ninurta-ile‛i
472,40,Hazatu,2643,Hazatu
424,40,Gablīni-labīrtu,,Gablīni-labīrtu
376,40,Bīt-Taqbi-līšir,,Bīt-Taqbi-līšir
328,40,Bīt-Nata-el,,Bīt-Nata-el
280,40,Bīt-Jari,,Bīt-Jari
232,40,Bīt-Barēna,,Bīt-Barēna
184,40,Bar[]e,,Bar[]e
136,40,Ālu-ša-Nērebāja,,Ālu-ša-Nērebāja
88,4,Dilbat,2376,Dilbat
40,4,Nippur,1225,Nippur
1542,52,Bīt-Zēriya,7702,Bīt-Zēriya
1526,52,Hadirānu-ša-Nabû,6924,Hadirānu-ša-Nabû
1509,37,Dapīni,6999,Dapīni
1493,37,Ālu-ša-Nabû-ēreš,7798,Ālu-ša-Nabû-ēreš
1473,1417,Kār-Sippar,6548,Kār-Sippar
1456,70,Bīt-Šinqā,2334,Bīt-Šinqā
1437,55,Hurad,5956,Hurad
1419,67,Targibātu,5539,Targibātu
1390,37,Ālu-ša-kî-Bēl,4431,Ālu-ša-kî-Bēl
1336,61,Ukal[],,Ukal[]
1288,61,Tamertu-ša-Nār-Šapputti,,Tamertu-ša-Nār-Šapputti
1240,61,Šaṭeru,,Šaṭeru
1189,61,Qatnu,,Qatnu
1141,61,Maškattu-ša-Amurru,,Maškattu-ša-Amurru
1093,61,Jādaqu,,Jādaqu
1045,61,Hulhullu,,Hulhullu
997,61,Hanlibbi,,Hanlibbi
949,61,Du'īl,,Du'īl
901,61,Bitqu-ša-Bēl-ēṭir,,Bitqu-ša-Bēl-ēṭir
853,61,Bīt-bārî,,Bīt-bārî
805,61,Bābu,,Bābu
757,61,Ālu-ša-[],,Ālu-ša-[]
709,61,Ālu-ša-aškāpē,,Ālu-ša-aškāpē
661,40,Tamertu-ša-Humāja,,Tamertu-ša-Humāja
613,40,Qidari,,Qidari
565,40,Makmanu,,Makmanu
517,40,Huṣṣēti-ša-Nāṣir,,Huṣṣēti-ša-Nāṣir
469,40,Haṭallūa,,Haṭallūa
421,40,Gabalīni,,Gabalīni
373,40,Bīt-Tabalāja,,Bīt-Tabalāja
325,40,Bīt-Nasīkā,,Bīt-Nasīkā
277,40,Bīt-Iltehri-nūrī,,Bīt-Iltehri-nūrī
229,40,Bīt-Bānija,,Bīt-Bānija
181,40,Bannēšu,,Bannēšu
133,40,Ālu-ša-Nabû-udammiq,,Ālu-ša-Nabû-udammiq
85,4,Outside Babylonia,,Outside Babylonia
37,4,Babylon,2355,Babylon
1541,52,Ālu-ša-Silim-Bēl,7701,Ālu-ša-Silim-Bēl
1525,52,Nuḫšānītu ,7673,Nuḫšānītu 
1508,37,Nār-Kūtê,7980,Nār-Kūtê
1492,37,Nāru-eššu (Babylon),7611,Nāru-eššu (Babylon)
1472,43,Ālu-ša-Bēlšunu,6534,Ālu-ša-Bēlšunu
1455,70,Bīt-Baba-ēreš,2580,Bīt-Baba-ēreš
1436,46,Kutha City,5692,Kutha City
1418,67,Ur city,5684,Ur city
1387,37,(Bīt) Hahhuru,7978,(Bīt) Hahhuru
1333,61,Uddu,,Uddu
1285,61,Tamertu-ša-Nabû-aha-iddina,,Tamertu-ša-Nabû-aha-iddina
1237,61,Šarrabānu,,Šarrabānu
1186,61,Piqūdu,,Piqūdu
1138,61,Maškan-il,,Maškan-il
1090,61,Imṭūnu,,Imṭūnu
1042,61,Hudada,,Hudada
994,61,Hamarānu,,Hamarānu
946,61,Duhahu,,Duhahu
898,61,Bīt-Nūrea,,Bīt-Nūrea
850,61,Bīt-Balu,,Bīt-Balu
802,61,Bāb-šakata,,Bāb-šakata
754,61,Ālu-ša-{lú}U.MUK{me},,Ālu-ša-{lú}U.MUK{me}
706,61,Ālu-ša-Anu-aha-ēreš,,Ālu-ša-Anu-aha-ēreš
658,40,Tamertu-ša-Bīt-Dīdē,,Tamertu-ša-Bīt-Dīdē
610,40,Qatnāja,,Qatnāja
562,40,Laštān,,Laštān
514,40,Huṣṣēti-ša-Nabû-nāṣir,2254,Huṣṣēti-ša-Nabû-nāṣir
466,40,Hattāja,,Hattāja
418,40,Esaggilija,,Esaggilija
370,40,Bīt-Šulā,,Bīt-Šulā
322,40,Bīt-Nanâ-ēreš,,Bīt-Nanâ-ēreš
274,40,Bīt-Iltehlāja,,Bīt-Iltehlāja
226,40,Bīt-Balassu,,Bīt-Balassu
178,40,Bāb-Nār-Šubat-Ea,,Bāb-Nār-Šubat-Ea
130,40,Ālu-ša-Nabû-iqbi,,Ālu-ša-Nabû-iqbi
82,4,Tribal areas,,Tribal areas
34,40,Til-Gabbara,1231,Til-Gabbara
1540,37,Ālu-Ša-pī-kalbi,7049,Ālu-Ša-pī-kalbi
1524,52,Sūr-amīlāti,7726,Sūr-amīlāti
1507,37,Nār-Kūtê-labīru,7981,Nār-Kūtê-labīru
1491,49,Hursagkalamma,7023,Hursagkalamma
1471,43,Zazannu,7460,Zazannu
1454,70,Ālu-ša-Iṣṣur-Adad,5845,Ālu-ša-Iṣṣur-Adad
1435,85,Assur,6066,Assur
1417,43,Sippar city,6546,Sippar city
1384,37,Bīt-rab-kāṣir,4400,Bīt-rab-kāṣir
1330,61,Ṭūrānu,,Ṭūrānu
1282,61,Tamertu-ša-Bīt-Dērāja,,Tamertu-ša-Bīt-Dērāja
1234,61,Šaqillatu,,Šaqillatu
1183,61,Nūnū,,Nūnū
1135,61,Mahrā,8006,Mahrā
1087,61,Imērē,,Imērē
1039,61,Hubaba-ša-Bīt-Nabû,,Hubaba-ša-Bīt-Nabû
991,61,Giramu,,Giramu
943,61,Dimtu-ša-Nanâ,,Dimtu-ša-Nanâ
895,61,Bīt-Nabû,,Bīt-Nabû
847,61,Bīt-alpē,,Bīt-alpē
799,61,Bāb-Nāri-ša-Aššurīti,,Bāb-Nāri-ša-Aššurīti
751,61,Ālu-ša-tašlīšāni,,Ālu-ša-tašlīšāni
703,61,Ālu-ša-Amassu-uṣur,,Ālu-ša-Amassu-uṣur
655,40,Šušan,1516,Šušan
607,40,Qaštu,,Qaštu
559,40,Kuzabatu,,Kuzabatu
511,40,Huṣṣēti-ša-Mulakkid,,Huṣṣēti-ša-Mulakkid
463,40,Hašbāja,8531,Hašbāja
415,40,Enlil-hūr,,Enlil-hūr
367,40,Bīt-ša-rēši,,Bīt-ša-rēši
319,40,Bīt-Nabû-ittija,,Bīt-Nabû-ittija
271,40,Bīt-Il-šakā,,Bīt-Il-šakā
223,40,Bīt-Baharri,,Bīt-Baharri
175,40,Bāb-Nār-Kabar,,Bāb-Nār-Kabar
127,40,Ālu-ša-Nabû-dajjānu,,Ālu-ša-Nabû-dajjānu
79,4,Qirbit,,Qirbit
31,40,Addijāja,154,Addijāja
1539,37,Ḫuṣṣēti-ša-Bēl-ēṭir,7364,Ḫuṣṣēti-ša-Bēl-ēṭir
1522,37,Ālu-ša-Murānu,8103,Ālu-ša-Murānu
1506,37,Bāb-Nār-Barsip  ,7767,Bāb-Nār-Barsip  
1490,37,Bābtu,8174,Bābtu
1470,4,Unknown place,,Unknown place
1453,55,Upiya,,Upiya
1434,82,Hadālu,6015,Hadālu
1416,61,Ša-ṣuru-Adad,5401,Ša-ṣuru-Adad
1381,37,Til-Gula,8039,Til-Gula
1327,61,Til-Šūlā,,Til-Šūlā
1279,61,Tamertu-ša-Bēl-[],,Tamertu-ša-Bēl-[]
1231,61,Šappāja,,Šappāja
1180,61,Nūnu,,Nūnu
1132,61,Lasūtu,,Lasūtu
1084,61,Ibulu,,Ibulu
1036,61,Hišubati,,Hišubati
988,61,Gadijatu,,Gadijatu
940,61,Bīt-[],,Bīt-[]
892,61,Bīt-mār-Bābili,,Bīt-mār-Bābili
844,61,Bīrtu-ša-Bazāja,,Bīrtu-ša-Bazāja
796,61,Bāb-hilti,,Bāb-hilti
748,61,Ālu-ša-šasi'ūa,,Ālu-ša-šasi'ūa
700,61,Ālu-ša-Admu,,Ālu-ša-Admu
652,40,Šēlā,,Šēlā
604,40,Puṣāja,,Puṣāja
556,40,Kutal-Eanna,,Kutal-Eanna
508,40,Huṣṣēti-ša-mār-šarri,,Huṣṣēti-ša-mār-šarri
460,40,Harubatu,,Harubatu
412,40,Enlil-ašābšu-iqbi,1357,Enlil-ašābšu-iqbi
364,40,Bīt-Šamaš,,Bīt-Šamaš
316,40,Bīt-Nabû-gāmil,,Bīt-Nabû-gāmil
268,40,Bīt-Ilipāja,,Bīt-Ilipāja
220,40,Bīt-Bagadāti,,Bīt-Bagadāti
172,40,Bāb-Nār-Dērat,,Bāb-Nār-Dērat
124,40,Ālu-ša-maqtūtu,,Ālu-ša-maqtūtu
76,4,Dēr (NE Babylonia),,Dēr (NE Babylonia)
28,40,Bit Gira',40,Bit Gira'
1538,52,Ālu-ša-Kalbā,7256,Ālu-ša-Kalbā
1521,76,Akšak,,Akšak
1505,37,Ālu-ša-Nabû-uballiṭ,7181,Ālu-ša-Nabû-uballiṭ
1487,43,Bar-tibni,6610,Bar-tibni
1469,4,Broken,7204,Broken
1452,85,Tahmakka,6498,Tahmakka
1433,85,Harimmu,6054,Harimmu
1415,61,Šapīya,5379,Šapīya
1378,55,Bāb-Bitāqu,4349,Bāb-Bitāqu
1324,61,Til-Nanâ [Duplicate],,Til-Nanâ [Duplicate]
1276,61,Tahūṭā,,Tahūṭā
1228,61,Šanāpu,,Šanāpu
1177,61,Nuhšānītu,5386,Nuhšānītu
1129,61,Lahitu,,Lahitu
1081,61,Huṣṣēti-ša-[],,Huṣṣēti-ša-[]
1033,61,Hiri[],,Hiri[]
985,61,Ekallāti,,Ekallāti
937,61,Bīt-[]ni,,Bīt-[]ni
889,61,Bīt-Lugal-banda,,Bīt-Lugal-banda
841,61,Birhīni,,Birhīni
793,61,Bāb-Harri-Marduk-apla-iddina,,Bāb-Harri-Marduk-apla-iddina
745,61,Ālu-ša-Nabû-šuma-iddina,,Ālu-ša-Nabû-šuma-iddina
697,61,Agurrēti,,Agurrēti
649,40,Šatirtu,7949,Šatirtu
601,40,Paršušu,,Paršušu
553,40,Kār-Ninurta,,Kār-Ninurta
505,40,Huṣṣēti-ša-malahhāni,,Huṣṣēti-ša-malahhāni
457,40,Ham-qadu,,Ham-qadu
409,40,Dūr-Tabbiru,,Dūr-Tabbiru
361,40,Bīt-Šahāṭu,,Bīt-Šahāṭu
313,40,Bīt-Murašû,,Bīt-Murašû
265,40,Bīt-Hadūru,,Bīt-Hadūru
217,40,Bīt-Arzā,8547,Bīt-Arzā
169,40,Arzuhinni,,Arzuhinni
121,40,Ālu-ša-*Lūṣâ-a(na)-nūri,,Ālu-ša-*Lūṣâ-a(na)-nūri
73,4,Sealand,,Sealand
25,37,Babylon city,7063,Babylon city
1537,37,Bit-Hahhūru,7302,Bit-Hahhūru
1520,1470,Huṣṣēti-ša-Nabû-immē ,7890,Huṣṣēti-ša-Nabû-immē 
1504,37,Ālu-ša-Ubār ,7801,Ālu-ša-Ubār 
1486,43,Ālu-ša-Bēl-iddin,6609,Ālu-ša-Bēl-iddin
1468,70,Kēš,2316,Kēš
1451,85,Ailtammu,6493,Ailtammu
1432,85,Kār-Aššūr,6008,Kār-Aššūr
1414,52,Nagītu,5500,Nagītu
1375,37,Šaḫrīn,7573,Šaḫrīn
1321,61,Til-Nanâ,,Til-Nanâ
1273,61,Tahi,,Tahi
1225,61,Šalāmē,,Šalāmē
1174,61,Nuhānu,,Nuhānu
1126,61,Kūṣāja,,Kūṣāja
1078,61,Huṣṣēti-ša-Nabû-nāṣi,,Huṣṣēti-ša-Nabû-nāṣi
1030,61,Hinṭu,,Hinṭu
982,61,Dūru-ša-x-Nār-[],,Dūru-ša-x-Nār-[]
934,61,Bīt-Zu-gunabu,,Bīt-Zu-gunabu
886,61,Bīt-Kuzba-ili,,Bīt-Kuzba-ili
838,61,Bīrāti,,Bīrāti
790,61,Bāb-Aššurītu,,Bāb-Aššurītu
742,61,Ālu-ša-Nabû-bān-ahi,,Ālu-ša-Nabû-bān-ahi
694,40,Zambūrāja,,Zambūrāja
646,40,Ša-rēšē,,Ša-rēšē
598,40,Parak-Māri,,Parak-Māri
550,40,Išqallūnu,,Išqallūnu
502,40,Huṣṣēti-ša-Maguš,,Huṣṣēti-ša-Maguš
454,40,Hambari,,Hambari
406,40,Bīt-[],,Bīt-[]
358,40,Bīt-Ṣūrāja,,Bīt-Ṣūrāja
310,40,Bīt-Mūrānu,,Bīt-Mūrānu
262,40,Bīt-Haddija,,Bīt-Haddija
214,40,Bīt-Ardija,,Bīt-Ardija
166,40,Aruma,,Aruma
118,40,Ālu-ša-Handīdi,,Ālu-ša-Handīdi
70,4,South-east Babylonia,,South-east Babylonia
22,40,Nippur city,8508,Nippur city
1536,1470,Šiknu-ša-ina-muhhi-Nār-Bagaddu,7447,Šiknu-ša-ina-muhhi-Nār-Bagaddu
1519,37,Ālu-ša-Mušētiq,6713,Ālu-ša-Mušētiq
1503,37,Dūru-ša-karrabbi ,7843,Dūru-ša-karrabbi 
1485,85,Tubbia,6493,Tubbia
1467,70,Bīt-Hamma [],2484,Bīt-Hamma []
1450,85,Humadēšu,7306,Humadēšu
1431,55,Bīt-Burisē,5904,Bīt-Burisē
1413,37,Ma-ši-˹x-x-x˺,,Ma-ši-˹x-x-x˺
1372,37,Šabilu,4333,Šabilu
1318,61,Til-Massaka,,Til-Massaka
1270,61,Tagabti,,Tagabti
1222,61,Šalabu,,Šalabu
1171,61,Nēberu-ša-dūri,,Nēberu-ša-dūri
1123,61,Kurbat,,Kurbat
1075,61,Huṣṣēti-ša-Nabû-hammē,,Huṣṣēti-ša-Nabû-hammē
1027,61,Himuru,2511,Himuru
979,61,Dūru-ša-Jatiru,,Dūru-ša-Jatiru
931,61,Bīt-Zabūnu,,Bīt-Zabūnu
883,61,Bīt-Kur(?)kana,,Bīt-Kur(?)kana
835,61,Bīrānāti,,Bīrānāti
787,61,Bāb-āli,,Bāb-āli
739,61,Ālu-ša-mār-šarri,,Ālu-ša-mār-šarri
691,40,Zamamē,,Zamamē
643,40,Šapputtu,,Šapputtu
595,40,Parakku,,Parakku
547,40,Iq[]bi[]ṣu(?),,Iq[]bi[]ṣu(?)
499,40,Huṣṣēti-ša-Kalbā,,Huṣṣēti-ša-Kalbā
451,40,Hambanāja,,Hambanāja
403,40,Bīt-[]ni,,Bīt-[]ni
355,40,Bīt-Ṣababa-ēreš,,Bīt-Ṣababa-ēreš
307,40,Bīt-Marūdu,,Bīt-Marūdu
259,40,Bīt-Gīrā,,Bīt-Gīrā
211,40,Bīt-Aplā,,Bīt-Aplā
163,40,Arqā,,Arqā
115,40,Ālu-ša-Hammija,,Ālu-ša-Hammija
67,4,Ur,,Ur
1552,37,"Ālu-ša-Nabû-uballiṭ//Marduk-erība ša ina muhhi nār Piqūdu




",7214,"Ālu-ša-Nabû-uballiṭ//Marduk-erība ša ina muhhi nār Piqūdu




"
1535,37,Paširi ,7043,Paširi 
1518,52,Hallatu,7724,Hallatu
1502,37,Lītamu ,7848,Lītamu 
1484,43,Ālu-ša-mê-Bīt-Bēl-kāṣir,6650,Ālu-ša-mê-Bīt-Bēl-kāṣir
1466,70,Hamat,2499,Hamat
1446,37,Šuppatu,6240,Šuppatu
1430,1429,Marad City,5902,Marad City
1412,37,Himeri,5572,Himeri
1369,85,Šušan,7859,Šušan
1315,61,Tillē-ša-Nanâ,,Tillē-ša-Nanâ
1267,61,Tabīnu-ša-Šuma-ukīn,,Tabīnu-ša-Šuma-ukīn
1219,61,Šadatu,,Šadatu
1168,61,Nazzû-rabû,,Nazzû-rabû
1120,61,Kirāti,,Kirāti
1072,61,Huṣṣēti-ša-mār-šarri,,Huṣṣēti-ša-mār-šarri
1024,61,Hiltu-ša-Bīt-Nabû,,Hiltu-ša-Bīt-Nabû
976,61,Dūru-ša-Gidāni,,Dūru-ša-Gidāni
928,61,Bīt-{lú}U.MUK{meš},,Bīt-{lú}U.MUK{meš}
880,61,Bīt-Kīnā,,Bīt-Kīnā
832,61,Bēltija,,Bēltija
784,61,A[]tu,,A[]tu
736,61,Ālu-ša-Lanē,,Ālu-ša-Lanē
688,40,Ugar-Kāṣir,,Ugar-Kāṣir
640,40,Šalāmē,,Šalāmē
592,40,Pandānu,,Pandānu
544,40,Imm[er]tu,,Imm[er]tu
496,40,Huṣṣēti-ša-Bau-ēreš,,Huṣṣēti-ša-Bau-ēreš
448,40,Hajin,,Hajin
400,40,Bīt-Zukkītu,,Bīt-Zukkītu
352,40,Bīt-Sîn-līšir,,Bīt-Sîn-līšir
304,40,Bīt-mār-Bābili,,Bīt-mār-Bābili
256,40,Bīt-Gaššīšu,,Bīt-Gaššīšu
208,40,Bīt-Akkē,,Bīt-Akkē
160,40,Arbā,,Arbā
112,40,Ālu-ša-aškāpē,,Ālu-ša-aškāpē
64,4,Larsa,,Larsa
1551,4,Illegible,7969,Illegible
1534,61,Tagritajn,6985,Tagritajn
1517,52,Bābu-ša-kirāti,7718,Bābu-ša-kirāti
1501,37,Ālu-ša-Bēl-ittannu ,7793,Ālu-ša-Bēl-ittannu 
1483,43,Bīt-ša-Bēl-ūdu,6641,Bīt-ša-Bēl-ūdu
1465,70,Bīt-Dibušiti,2505,Bīt-Dibušiti
1445,37,Nāru-eššu-elû,6267,Nāru-eššu-elû
1429,4,Marad,,Marad
1411,88,Dilbat city,5544,Dilbat city
1366,49,Kiš City,5526,Kiš City
1312,61,Til-lahrāti,,Til-lahrāti
1264,61,Šubat-parakki,,Šubat-parakki
1216,61,Sūrānu,,Sūrānu
1165,61,Nazzû-qallu,,Nazzû-qallu
1117,61,Kār-Ninurta,,Kār-Ninurta
1069,61,Huṣṣēti-ša-Kidinu,,Huṣṣēti-ša-Kidinu
1021,61,Hiltu,5850,Hiltu
973,61,Dūru-ša-Bīt-Dakūri,,Dūru-ša-Bīt-Dakūri
925,61,Bīt-Šarru-rimanni,,Bīt-Šarru-rimanni
877,61,Bīt-Kāṣir,,Bīt-Kāṣir
829,61,Bēlāja,,Bēlāja
781,61,A[]ani,,A[]ani
733,61,Ālu-ša-kizû,,Ālu-ša-kizû
685,40,Titurru-ša-Sîn-māgir,,Titurru-ša-Sîn-māgir
637,40,Šahumāja,,Šahumāja
589,40,Ninurta-ašābšu-[iqbi?],,Ninurta-ašābšu-[iqbi?]
541,40,Immalat,,Immalat
493,40,Huṣṣēti-ša-Auqqadu,,Huṣṣēti-ša-Auqqadu
445,40,Gutê,,Gutê
397,40,Bīt-Zēra-līšir,394,Bīt-Zēra-līšir
349,40,Bīt-Sîn-erība,,Bīt-Sîn-erība
301,40,Bīt-Kikī,,Bīt-Kikī
253,40,Bīt-Galalānu,,Bīt-Galalānu
205,40,Bīt-Ahi-larīm,,Bīt-Ahi-larīm
157,40,Arazūa,,Arazūa
109,40,Ālu-ša-Ašar[],,Ālu-ša-Ašar[]
61,4,Uruk,,Uruk
1550,4,No place,7274,No place
1533,37,Huṣṣēti-ša-Hahhūru,7540,Huṣṣēti-ša-Hahhūru
1516,85,Urāzu-mētanu,7790,Urāzu-mētanu
1500,85,Agmatānu,7787,Agmatānu
1482,43,Ṣibtu,6632,Ṣibtu
1464,70,Ālu-ša-Amurru-šar-uṣur ša muhhi nār Zabinā,2328,Ālu-ša-Amurru-šar-uṣur ša muhhi nār Zabinā
1444,37,Bīt-šar-Bābili,7502,Bīt-šar-Bābili
1427,55,Zuhrini,,Zuhrini
1410,52,Borsippa city,5810,Borsippa city
1359,70,Našar,2319,Našar
1309,61,Til-hurāṣi,,Til-hurāṣi
1261,61,Šingu,,Šingu
1213,61,Serrēmu,,Serrēmu
1162,61,Naṣībāta,,Naṣībāta
1114,61,Kār-Nanâ,,Kār-Nanâ
1066,61,Huṣṣēti-ša-Hašdija,,Huṣṣēti-ša-Hašdija
1018,61,Hibṭūni,,Hibṭūni
970,61,Dūru-ša-Barīhi,,Dūru-ša-Barīhi
922,61,Bīt-Šapru',,Bīt-Šapru'
874,61,Bīt-Ibā,,Bīt-Ibā
826,61,Bēl-ibni,,Bēl-ibni
778,61,Attiki'a,,Attiki'a
730,61,Ālu-ša-Kī-Nabû,,Ālu-ša-Kī-Nabû
682,40,Til-ṣalam,,Til-ṣalam
634,40,Sūr-Hilūnu,,Sūr-Hilūnu
586,40,Nēbertu,,Nēbertu
538,40,Ibulē,,Ibulē
490,40,Huṣṣēti-ša-Amurra-paqa,,Huṣṣēti-ša-Amurra-paqa
442,40,Giššu,,Giššu
394,40,Bīt-Zazakku,,Bīt-Zazakku
346,40,Bīt-Sîn-ēreš,,Bīt-Sîn-ēreš
298,40,Bīt-Higlā,,Bīt-Higlā
250,40,Bīt-Erība,,Bīt-Erība
202,40,Bīt-ae[],,Bīt-ae[]
154,40,Appāru-ša-Tahmija,,Appāru-ša-Tahmija
106,40,Ālu-ša-Ardāni,,Ālu-ša-Ardāni
58,4,Isin,,Isin
